{"model": "llama3", "perplexity": 2.4094817638397217, "top1": 0.7778051181102362, "top5": 0.9347933070866141, "seq_len": 128, "gen_length": 128}
